{
  "library_concentration_value": {
    "1.0": 1.0,
    "1.2": 1.2,
    "1.63": 1.63,
    "10.3": 10.3,
    "102.0": 102.0,
    "104.831946280055": 104.831946280055,
    "11.7": 11.7,
    "12.9": 12.9,
    "13.5": 13.5,
    "13.7": 13.7,
    "14.5": 14.5,
    "14.9": 14.9,
    "15.1": 15.1,
    "15.3": 15.3,
    "15.8": 15.8,
    "16.5": 16.5,
    "16.6": 16.6,
    "16.8": 16.8,
    "16.9": 16.9,
    "17.2": 17.2,
    "17.7": 17.7,
    "177.433029295826": 177.433029295826,
    "18.0": 18.0,
    "18.7": 18.7,
    "19.0": 19.0,
    "19.9": 19.9,
    "192.92657495734002": 192.92657495734002,
    "2.02": 2.02,
    "2.36": 2.36,
    "20.0": 20.0,
    "20.4": 20.4,
    "20.6": 20.6,
    "20.7": 20.7,
    "20.8": 20.8,
    "20.9": 20.9,
    "21.4": 21.4,
    "21.6": 21.6,
    "21.8": 21.8,
    "21.9": 21.9,
    "22.2": 22.2,
    "22.3": 22.3,
    "227.105122016626": 227.105122016626,
    "24.1": 24.1,
    "24.2": 24.2,
    "24.4": 24.4,
    "25.4": 25.4,
    "25.5": 25.5,
    "25.6": 25.6,
    "25.861002621214197": 25.861002621214197,
    "255.72720670759895": 255.72720670759895,
    "26.1": 26.1,
    "26.3": 26.3,
    "26.4": 26.4,
    "26.7": 26.7,
    "26.8": 26.8,
    "26.9": 26.9,
    "27.1": 27.1,
    "27.6": 27.6,
    "28.2": 28.2,
    "28.4": 28.4,
    "28.5": 28.5,
    "28.6": 28.6,
    "28.8": 28.8,
    "289.793724383525": 289.793724383525,
    "29.1": 29.1,
    "29.7": 29.7,
    "30.0": 30.0,
    "30.4": 30.4,
    "30.9": 30.9,
    "31.2": 31.2,
    "32.7": 32.7,
    "33.1": 33.1,
    "33.9": 33.9,
    "332.91486866883497": 332.91486866883497,
    "35.7": 35.7,
    "36.2": 36.2,
    "37.4": 37.4,
    "373.522458628842": 373.522458628842,
    "4.54": 4.54,
    "41.2": 41.2,
    "41.3": 41.3,
    "41.7": 41.7,
    "44.354323308447505": 44.354323308447505,
    "44.4": 44.4,
    "46.4": 46.4,
    "47.5": 47.5,
    "47.8": 47.8,
    "5.24": 5.24,
    "51.9": 51.9,
    "52.6": 52.6,
    "53.7": 53.7,
    "54.1562815420489": 54.1562815420489,
    "57.1": 57.1,
    "57.6": 57.6,
    "6.1": 6.1,
    "6.3": 6.3,
    "6.76": 6.76,
    "62.0": 62.0,
    "64.4": 64.4,
    "66.9": 66.9,
    "68.0": 68.0,
    "7.22": 7.22,
    "72.7": 72.7,
    "77.1": 77.1,
    "89.0": 89.0,
    "95.1180683213106": 95.1180683213106
  }
}
