{
  "library_input_amount_value": {
    "": null,
    "0.001": 0.001,
    "0.004": 0.004,
    "0.078": 0.078,
    "0.196": 0.196,
    "0.28800000000000003": 0.28800000000000003,
    "0.39": 0.39,
    "0.395": 0.395,
    "0.493": 0.493,
    "0.5760000000000001": 0.5760000000000001,
    "0.7390000000000001": 0.7390000000000001,
    "0.897": 0.897,
    "0.934": 0.934,
    "1.106": 1.106,
    "1.134": 1.134,
    "1.394": 1.394,
    "1.445": 1.445,
    "1.515": 1.515,
    "1.78": 1.78,
    "1.817": 1.817,
    "12.3": 12.3,
    "13.6": 13.6,
    "2.007": 2.007,
    "2.016": 2.016,
    "2.044": 2.044,
    "2.128": 2.128,
    "2.3": 2.3,
    "2.309": 2.309,
    "2.8710000000000004": 2.8710000000000004,
    "2.885": 2.885,
    "2.969": 2.969,
    "21.3": 21.3,
    "22.3": 22.3,
    "27.4": 27.4,
    "27.5": 27.5,
    "3.006": 3.006,
    "3.122": 3.122,
    "3.3960000000000004": 3.3960000000000004,
    "3.624": 3.624,
    "35.0": 35.0,
    "38.7": 38.7,
    "4.479": 4.479,
    "4.925": 4.925,
    "6.505": 6.505,
    "7.247999999999998": 7.247999999999998,
    "9.2": 9.2
  }
}
